id,old_status,new_status,old_residual,new_residual,values_residuals_status_tolerance_unchanged,explicit_auxiliary_correction,check
Gaussian_forward_C,EXACT,EXACT,0,0,True,False,PASS
Gaussian_forward_U,EXACT,EXACT,0,0,True,False,PASS
Gaussian_inverse_T,EXACT,EXACT,0,0,True,False,PASS
Gaussian_inverse_U,EXACT,EXACT,0,0,True,False,PASS
HF_inner/1/primitive,EXACT,EXACT,0,0,True,False,PASS
HF_inner/1/sample1,NUMERICAL_AGREEMENT,NUMERICAL_AGREEMENT,0``62.188809356849895,0``62.188809356849895,True,False,PASS
HF_inner/1/sample2,NUMERICAL_AGREEMENT,NUMERICAL_AGREEMENT,0``62.385262604711265,0``62.385262604711265,True,False,PASS
HF_inner/2/primitive,EXACT,EXACT,0,0,True,False,PASS
HF_inner/2/sample1,NUMERICAL_AGREEMENT,NUMERICAL_AGREEMENT,0``62.20218166553632,0``62.20218166553632,True,False,PASS
HF_inner/2/sample2,NUMERICAL_AGREEMENT,NUMERICAL_AGREEMENT,0``62.136801575829395,0``62.136801575829395,True,False,PASS
HF_inner/3/primitive,EXACT,EXACT,0,0,True,False,PASS
HF_inner/3/sample1,NUMERICAL_AGREEMENT,NUMERICAL_AGREEMENT,0``62.43991282831707,0``62.43991282831707,True,False,PASS
HF_inner/3/sample2,NUMERICAL_AGREEMENT,NUMERICAL_AGREEMENT,0``62.77123198137978,0``62.77123198137978,True,False,PASS
HF_inner/4/primitive,EXACT,EXACT,0,0,True,False,PASS
HF_inner/4/sample1,NUMERICAL_AGREEMENT,NUMERICAL_AGREEMENT,0``62.61372446977247,0``62.61372446977247,True,False,PASS
HF_inner/4/sample2,NUMERICAL_AGREEMENT,NUMERICAL_AGREEMENT,0``62.71408895370937,0``62.71408895370937,True,False,PASS
HF_inner/5/primitive,EXACT,EXACT,0,0,True,False,PASS
HF_inner/5/sample1,NUMERICAL_AGREEMENT,NUMERICAL_AGREEMENT,0``62.83973770940477,0``62.83973770940477,True,False,PASS
HF_inner/5/sample2,NUMERICAL_AGREEMENT,NUMERICAL_AGREEMENT,0``63.26921660114809,0``63.26921660114809,True,False,PASS
HF_inner/6/primitive,EXACT,EXACT,0,0,True,False,PASS
HF_inner/6/sample1,NUMERICAL_AGREEMENT,NUMERICAL_AGREEMENT,0``63.221391156857294,0``63.221391156857294,True,False,PASS
HF_inner/6/sample2,NUMERICAL_AGREEMENT,NUMERICAL_AGREEMENT,0``63.4430282426035,0``63.4430282426035,True,False,PASS
HF_test_endpoint_derivative,EXACT,EXACT,0,0,True,False,PASS
HF_test_endpoint_value,EXACT,EXACT,0,0,True,False,PASS
analyzer_local_sine,EXACT,EXACT,0,0,True,False,PASS
auxiliary_distribution_helper/Tqq,DISCREPANCY,EXACT,2*CF*(2 + L),0,False,True,PASS
auxiliary_distribution_helper/Uqq,DISCREPANCY,EXACT,(CF*(8 + 3*L))/2,0,False,True,PASS
ep_isolated_fragmentation_T1,EXACT,EXACT,0,0,True,False,PASS
ep_isolated_fragmentation_U1,EXACT,EXACT,0,0,True,False,PASS
highpt_fragmentation_order,EXACT,EXACT,0,0,True,False,PASS
jet_test/Tqq/1,EXACT,EXACT,0,0,True,False,PASS
jet_test/Tqq/2,EXACT,EXACT,0,0,True,False,PASS
jet_test/Tqq/3,EXACT,EXACT,0,0,True,False,PASS
jet_test/Uqq/1,EXACT,EXACT,0,0,True,False,PASS
jet_test/Uqq/2,EXACT,EXACT,0,0,True,False,PASS
jet_test/Uqq/3,EXACT,EXACT,0,0,True,False,PASS
k1/UT0,NUMERICAL_AGREEMENT,NUMERICAL_AGREEMENT,0``67.020649987054,0``67.020649987054,True,False,PASS
k1/UT1,NUMERICAL_AGREEMENT,NUMERICAL_AGREEMENT,0``65.9065580764457,0``65.9065580764457,True,False,PASS
k1/UU0,NUMERICAL_AGREEMENT,NUMERICAL_AGREEMENT,0``63.37325860961161,0``63.37325860961161,True,False,PASS
k1/UU1,NUMERICAL_AGREEMENT,NUMERICAL_AGREEMENT,0``62.263484157480235,0``62.263484157480235,True,False,PASS
k1/physical_Tqq,EXPECTED_NONZERO_DIFFERENCE,EXPECTED_NONZERO_DIFFERENCE,0``65.53473210070332,0``65.53473210070332,True,False,PASS
k1/physical_Uqq,EXPECTED_NONZERO_DIFFERENCE,EXPECTED_NONZERO_DIFFERENCE,0``62.054333657221285,0``62.054333657221285,True,False,PASS
k1/recoil_separate,EXPECTED_NONZERO_DIFFERENCE,EXPECTED_NONZERO_DIFFERENCE,0``59.27249217715937,0``59.27249217715937,True,False,PASS
k2/UT0,NUMERICAL_AGREEMENT,NUMERICAL_AGREEMENT,0``67.83434439959002,0``67.83434439959002,True,False,PASS
k2/UT1,NUMERICAL_AGREEMENT,NUMERICAL_AGREEMENT,0``67.71156833695923,0``67.71156833695923,True,False,PASS
k2/UU0,NUMERICAL_AGREEMENT,NUMERICAL_AGREEMENT,0``63.99319176707684,0``63.99319176707684,True,False,PASS
k2/UU1,NUMERICAL_AGREEMENT,NUMERICAL_AGREEMENT,0``63.533724888242666,0``63.533724888242666,True,False,PASS
k2/physical_Tqq,EXPECTED_NONZERO_DIFFERENCE,EXPECTED_NONZERO_DIFFERENCE,0``66.24655034825787,0``66.24655034825787,True,False,PASS
k2/physical_Uqq,EXPECTED_NONZERO_DIFFERENCE,EXPECTED_NONZERO_DIFFERENCE,0``62.45749379532892,0``62.45749379532892,True,False,PASS
k2/recoil_separate,EXPECTED_NONZERO_DIFFERENCE,EXPECTED_NONZERO_DIFFERENCE,0``58.668506922975425,0``58.668506922975425,True,False,PASS
k3/UT0,NUMERICAL_AGREEMENT,NUMERICAL_AGREEMENT,0``68.93050710580093,0``68.93050710580093,True,False,PASS
k3/UT1,NUMERICAL_AGREEMENT,NUMERICAL_AGREEMENT,0``67.78858271588207,0``67.78858271588207,True,False,PASS
k3/UU0,NUMERICAL_AGREEMENT,NUMERICAL_AGREEMENT,0``64.72413173852541,0``64.72413173852541,True,False,PASS
k3/UU1,NUMERICAL_AGREEMENT,NUMERICAL_AGREEMENT,0``63.5831179416443,0``63.5831179416443,True,False,PASS
k3/physical_Tqq,EXPECTED_NONZERO_DIFFERENCE,EXPECTED_NONZERO_DIFFERENCE,0``67.66347948010562,0``67.66347948010562,True,False,PASS
k3/physical_Uqq,EXPECTED_NONZERO_DIFFERENCE,EXPECTED_NONZERO_DIFFERENCE,0``63.49126597163976,0``63.49126597163976,True,False,PASS
k3/recoil_separate,EXPECTED_NONZERO_DIFFERENCE,EXPECTED_NONZERO_DIFFERENCE,0``59.85842934134908,0``59.85842934134908,True,False,PASS
local_zetaJ,EXACT,EXACT,0,0,True,False,PASS
native_T_signed_radial_measure,EXACT,EXACT,0,0,True,False,PASS
native_U_radial_measure,EXACT,EXACT,0,0,True,False,PASS
native_fourier/Gaussian,EXACT,EXACT,0,0,True,False,PASS
native_fourier/fragmentation_phase_ratio,EXACT,EXACT,0,0,True,False,PASS
native_fourier/full_D_rank_one,EXACT,EXACT,0,0,True,False,PASS
native_fourier/full_D_scalar,EXACT,EXACT,0,0,True,False,PASS
native_fourier/operator_angular_conversion,EXACT,EXACT,0,0,True,False,PASS
native_fourier/ratio_to_native_sphere,EXACT,EXACT,0,0,True,False,PASS
"out_of_jet/Tqq/{-Log[4], 1/5}",EXPECTED_NONZERO_DIFFERENCE,EXPECTED_NONZERO_DIFFERENCE,0``59.45341744352201,0``59.45341744352201,True,False,PASS
"out_of_jet/Tqq/{-Log[4], 2/5}",EXPECTED_NONZERO_DIFFERENCE,EXPECTED_NONZERO_DIFFERENCE,0``59.403887009602656,0``59.403887009602656,True,False,PASS
"out_of_jet/Tqq/{0, 1/5}",EXPECTED_NONZERO_DIFFERENCE,EXPECTED_NONZERO_DIFFERENCE,0``59.10912499834675,0``59.10912499834675,True,False,PASS
"out_of_jet/Tqq/{0, 2/5}",EXPECTED_NONZERO_DIFFERENCE,EXPECTED_NONZERO_DIFFERENCE,0``59.14510296231515,0``59.14510296231515,True,False,PASS
"out_of_jet/Tqq/{Log[4], 1/5}",EXPECTED_NONZERO_DIFFERENCE,EXPECTED_NONZERO_DIFFERENCE,0``58.86863694206099,0``58.86863694206099,True,False,PASS
"out_of_jet/Tqq/{Log[4], 2/5}",EXPECTED_NONZERO_DIFFERENCE,EXPECTED_NONZERO_DIFFERENCE,0``58.84346246880165,0``58.84346246880165,True,False,PASS
"out_of_jet/Uqg/{-Log[4], 1/5}",EXPECTED_NONZERO_DIFFERENCE,EXPECTED_NONZERO_DIFFERENCE,0``60.48116931583067,0``60.48116931583067,True,False,PASS
"out_of_jet/Uqg/{-Log[4], 2/5}",EXPECTED_NONZERO_DIFFERENCE,EXPECTED_NONZERO_DIFFERENCE,0``59.848377465739574,0``59.848377465739574,True,False,PASS
"out_of_jet/Uqg/{0, 1/5}",EXPECTED_NONZERO_DIFFERENCE,EXPECTED_NONZERO_DIFFERENCE,0``59.24110811402575,0``59.24110811402575,True,False,PASS
"out_of_jet/Uqg/{0, 2/5}",EXPECTED_NONZERO_DIFFERENCE,EXPECTED_NONZERO_DIFFERENCE,0``59.363070738527554,0``59.363070738527554,True,False,PASS
"out_of_jet/Uqg/{Log[4], 1/5}",EXPECTED_NONZERO_DIFFERENCE,EXPECTED_NONZERO_DIFFERENCE,0``58.927760695632685,0``58.927760695632685,True,False,PASS
"out_of_jet/Uqg/{Log[4], 2/5}",EXPECTED_NONZERO_DIFFERENCE,EXPECTED_NONZERO_DIFFERENCE,0``59.13960324622847,0``59.13960324622847,True,False,PASS
"out_of_jet/Uqq/{-Log[4], 1/5}",EXPECTED_NONZERO_DIFFERENCE,EXPECTED_NONZERO_DIFFERENCE,1.31116489189775252937659`5.497862727175891*^-54,1.31116489189775252937659`5.497862727175891*^-54,True,False,PASS
"out_of_jet/Uqq/{-Log[4], 2/5}",EXPECTED_NONZERO_DIFFERENCE,EXPECTED_NONZERO_DIFFERENCE,9.8553155522402301787314`5.382824538425804*^-55,9.8553155522402301787314`5.382824538425804*^-55,True,False,PASS
"out_of_jet/Uqq/{0, 1/5}",EXPECTED_NONZERO_DIFFERENCE,EXPECTED_NONZERO_DIFFERENCE,1.31809723352779182960543`5.244621273848415*^-54,1.31809723352779182960543`5.244621273848415*^-54,True,False,PASS
"out_of_jet/Uqq/{0, 2/5}",EXPECTED_NONZERO_DIFFERENCE,EXPECTED_NONZERO_DIFFERENCE,9.9073081144655249278817`5.163704435520835*^-55,9.9073081144655249278817`5.163704435520835*^-55,True,False,PASS
"out_of_jet/Uqq/{Log[4], 1/5}",EXPECTED_NONZERO_DIFFERENCE,EXPECTED_NONZERO_DIFFERENCE,1.32502957515783112943738`5.03096202375853*^-54,1.32502957515783112943738`5.03096202375853*^-54,True,False,PASS
"out_of_jet/Uqq/{Log[4], 2/5}",EXPECTED_NONZERO_DIFFERENCE,EXPECTED_NONZERO_DIFFERENCE,9.9593006766908196770322`4.868670106007958*^-55,9.9593006766908196770322`4.868670106007958*^-55,True,False,PASS
saved_ep_HF_action,EXACT,EXACT,0,0,True,False,PASS
saved_ep_UT_convolution,EXACT,EXACT,0,0,True,False,PASS
saved_ep_UU_convolution,EXACT,EXACT,0,0,True,False,PASS
saved_highpt/UT/Born_times_jet_NLO,EXACT,EXACT,0,0,True,False,PASS
saved_highpt/UT/LO,EXACT,EXACT,0,0,True,False,PASS
saved_highpt/UT/TMD_input,EXACT,EXACT,0,0,True,False,PASS
saved_highpt/UU/Born_times_jet_NLO,EXACT,EXACT,0,0,True,False,PASS
saved_highpt/UU/LO,EXACT,EXACT,0,0,True,False,PASS
saved_highpt/UU/TMD_input,EXACT,EXACT,0,0,True,False,PASS
saved_jet/Tqq/delta,EXACT,EXACT,0,0,True,False,PASS
saved_jet/Tqq/plus0,EXACT,EXACT,0,0,True,False,PASS
saved_jet/Tqq/plus1,EXACT,EXACT,0,0,True,False,PASS
saved_jet/Tqq/regular,EXACT,EXACT,0,0,True,False,PASS
saved_jet/Uqg/delta,EXACT,EXACT,0,0,True,False,PASS
saved_jet/Uqg/plus0,EXACT,EXACT,0,0,True,False,PASS
saved_jet/Uqg/plus1,EXACT,EXACT,0,0,True,False,PASS
saved_jet/Uqg/regular,EXACT,EXACT,0,0,True,False,PASS
saved_jet/Uqq/delta,EXACT,EXACT,0,0,True,False,PASS
saved_jet/Uqq/plus0,EXACT,EXACT,0,0,True,False,PASS
saved_jet/Uqq/plus1,EXACT,EXACT,0,0,True,False,PASS
saved_jet/Uqq/regular,EXACT,EXACT,0,0,True,False,PASS
soft_plus_unsubtracted_TMD,EXACT,EXACT,0,0,True,False,PASS
soft_rapidity_native,EXACT,EXACT,0,0,True,False,PASS
soft_reassembly/r03/jet_UT_bare_remainder,EXACT,EXACT,0,0,True,False,PASS
soft_reassembly/r03/jet_UU_bare_remainder,EXACT,EXACT,0,0,True,False,PASS
soft_reassembly/r03/jet_common_overlap,EXACT,EXACT,0,0,True,False,PASS
soft_reassembly/r03/jet_comparison_bare,EXACT,EXACT,0,0,True,False,PASS
soft_reassembly/r03/jet_comparison_overlap,EXACT,EXACT,0,0,True,False,PASS
soft_reassembly/r03/recoil_soft_bare,EXACT,EXACT,0,0,True,False,PASS
soft_reassembly/r03/recoil_soft_finite,EXACT,EXACT,0,0,True,False,PASS
soft_reassembly/r03/soft_cs_out,EXACT,EXACT,0,0,True,False,PASS
soft_reassembly/r03/soft_global,EXACT,EXACT,0,0,True,False,PASS
soft_reassembly/r03/soft_injet,EXACT,EXACT,0,0,True,False,PASS
soft_reassembly/r03/soft_standard,EXACT,EXACT,0,0,True,False,PASS
soft_shift_with_poles,EXACT,EXACT,0,0,True,False,PASS
